Method,DecisionTree,DecisionTree,DecisionTree,DecisionTree,DecisionTree,DecisionTree,DecisionTree,DecisionTree
Model,Model 1,Model 1,Model 2,Model 2,Model 3,Model 3,Model 4,Model 4
Values,Mean,Se,Mean,Se,Mean,Se,Mean,Se
Accuracy_test,0.6809999999999999,0.019951357514381488,0.6166666666666667,0.019467922333931787,0.6703333333333334,0.018287184340710055,0.6276666666666667,0.016726924403487928
Accuracy_train,0.967870588235294,0.0010769152265748484,0.967870588235294,0.0010769152265748484,0.8899529411764705,0.004078833992193212,0.8945098039215686,0.00437894019856304
F1 Score,0.6881904761904762,0.022327111530537312,0.6177857142857143,0.02123242116709208,0.6677380952380954,0.022966908438445836,0.6376428571428571,0.019413267052243506
Precision,0.7063333333333334,0.02429881112775319,0.6668333333333334,0.023742244347716303,0.6984999999999999,0.02474210873075382,0.6738333333333334,0.021826659285276696
Recall,0.7166666666666669,0.027233557730613655,0.6266666666666666,0.02678307923546755,0.7,0.029627314724385297,0.6733333333333335,0.027071920672329275
Roc_auc,0.6774999999999999,0.020164810903289726,0.6150000000000001,0.020169115247738144,0.6713888888888888,0.02036342263671511,0.6516666666666667,0.017853225319840325
