Method,LogisticRegression,LogisticRegression,LogisticRegression,LogisticRegression,LogisticRegression,LogisticRegression,LogisticRegression,LogisticRegression
Model,Model 1,Model 1,Model 2,Model 2,Model 3,Model 3,Model 4,Model 4
Values,Mean,Se,Mean,Se,Mean,Se,Mean,Se
Accuracy_test,0.5906666666666667,0.0212240953216438,0.6406666666666666,0.018508736675779184,0.6989999999999997,0.015256728934400646,0.6989999999999997,0.015256728934400646
Accuracy_train,0.9576039215686275,0.0019645759027099585,0.8224627450980391,0.003256650038502679,0.7158156862745098,0.0020863338853411356,0.7158156862745098,0.0020863338853411356
F1 Score,0.619142857142857,0.021621798650222145,0.6623809523809523,0.01977968219321026,0.782404761904762,0.010213641615833668,0.782404761904762,0.010213641615833668
Precision,0.6306666666666666,0.02420482045653992,0.67,0.022602851344219584,0.6676666666666666,0.014088647912415157,0.6676666666666666,0.014088647912415157
Recall,0.6533333333333334,0.02621280433511667,0.6966666666666668,0.024080882228209345,0.9733333333333334,0.009043106644167024,0.9733333333333334,0.009043106644167024
Roc_auc,0.5841666666666666,0.02727731103922937,0.8047222222222221,0.015691150096727287,0.8402777777777779,0.014986490830324736,0.8402777777777779,0.014986490830324736
