Method,RandomForest,RandomForest,RandomForest,RandomForest,RandomForest,RandomForest,RandomForest,RandomForest
Model,Model 1,Model 1,Model 2,Model 2,Model 3,Model 3,Model 4,Model 4
Values,Mean,Se,Mean,Se,Mean,Se,Mean,Se
Accuracy_test,0.6426666666666666,0.017269626515938323,0.6703333333333332,0.017498539621605254,0.6753333333333331,0.01783641717884446,0.6696666666666665,0.017701820370923566
Accuracy_train,0.967870588235294,0.0010769152265748484,0.967870588235294,0.0010769152265748484,0.967870588235294,0.0010769152265748484,0.967870588235294,0.0010769152265748484
F1 Score,0.6548095238095237,0.02012069533968399,0.6968333333333335,0.019716817614041995,0.6997142857142858,0.020150518637507674,0.6927380952380954,0.020317557585952682
Precision,0.6716666666666669,0.022511108368980855,0.6838333333333334,0.02155284848408158,0.6808333333333333,0.02125163392411145,0.6751666666666667,0.02119420125097114
Recall,0.6866666666666669,0.02574231276841043,0.7566666666666667,0.025322366047078264,0.7633333333333334,0.02594652620722516,0.7566666666666668,0.026606181403743167
Roc_auc,0.7166666666666667,0.021015867021530823,0.7413888888888889,0.020110401307302166,0.746388888888889,0.01956571311324046,0.753611111111111,0.019901978157155668
