Method,XGBoost,XGBoost,XGBoost,XGBoost,XGBoost,XGBoost,XGBoost,XGBoost
Model,Model 1,Model 1,Model 2,Model 2,Model 3,Model 3,Model 4,Model 4
Values,Mean,Se,Mean,Se,Mean,Se,Mean,Se
Accuracy_test,0.6326666666666667,0.019008653000380876,0.6353333333333334,0.016725363307796268,0.6716666666666664,0.016099516900964592,0.6739999999999999,0.01583652599390269
Accuracy_train,0.967870588235294,0.0010769152265748484,0.967870588235294,0.0010769152265748484,0.967870588235294,0.0010769152265748484,0.967870588235294,0.0010769152265748484
F1 Score,0.6387380952380952,0.024058103678546855,0.6588571428571428,0.01954580874396816,0.6964047619047621,0.01856463535707187,0.7026190476190476,0.01677453190509114
Precision,0.6293333333333333,0.02470281135597503,0.653,0.020754356972292186,0.6788333333333334,0.01924383739740538,0.6933333333333332,0.018563704132287584
Recall,0.6833333333333335,0.029202359113225385,0.7166666666666667,0.02640496586292477,0.7566666666666668,0.025322366047078264,0.7566666666666667,0.023501772982763094
Roc_auc,0.6636111111111112,0.023537122635855657,0.6825000000000001,0.022615461634427708,0.7336111111111111,0.021228093283299006,0.7375,0.022157457708382643
